projectname,branchname,docname,owner,historial
Memes,master,meme1.jpg,celina,"[{idarchivo: '5ad210887455050103589124', version: '1.0', comentario: 'Versión Inicial', usuario: 'celina'}]"
Memes,master,meme2.jpg,celina,"[{idarchivo: '5ad2108d745505058a37d43f', version: '1.0', comentario: 'Versión Inicial', usuario: 'celina'}]"
Memes,master,meme3.png,celina,"[{idarchivo: '5ad210927455050581550d61', version: '1.0', comentario: 'Versión Inicial', usuario: 'celina'}]"
Memes,master,meme4.jpg,celina,"[{idarchivo: '5ad210977455050f4e1d129e', version: '1.0', comentario: 'Versión Inicial', usuario: 'celina'}]"
Muchos Gatos,master,a24ZPmE_460s.jpg,danny,"[{idarchivo: '5ad149047455050f4d63e6fc', version: '1.0', comentario: 'Versión Inicial', usuario: 'danny'}]"
Muchos Gatos,master,ayx0038_460sv.mp4,danny,"[{idarchivo: '5ad1490c7455050103589120', version: '1.0', comentario: 'Versión Inicial', usuario: 'danny'}]"
Muchos Gatos,master,original.png,danny,"[{idarchivo: '5ad149127455050f4a7d7b1c', version: '1.0', comentario: 'Versión Inicial', usuario: 'danny'}]"
Muchos Gatos,master,wanted.png,danny,"[{idarchivo: '5ad149177455050f4a7d7b1d', version: '1.0', comentario: 'Versión Inicial', usuario: 'danny'}]"
Carros,master,carro1.mp4,danny,"[{idarchivo: '5ad14a6d7455050f4d63e6fd', version: '1.0', comentario: 'Versión Inicial', usuario: 'danny'}]"
Carros,master,carro2.mp4,danny,"[{idarchivo: '5ad14a737455050103589121', version: '1.0', comentario: 'Versión Inicial', usuario: 'danny'}]"
Carros,master,carro3.jpg,danny,"[{idarchivo: '5ad14a7b7455050f4a7d7b1e', version: '1.0', comentario: 'Versión Inicial', usuario: 'danny'}]"
Carros,master,carro4.mp4,danny,"[{idarchivo: '5ad14aef7455050f4c5d64fc', version: '1.0', comentario: 'Versión Inicial', usuario: 'danny'}]"
Carros,master,carro5.jpg,danny,"[{idarchivo: '5ad14af47455050f4d63e6fe', version: '1.0', comentario: 'Versión Inicial', usuario: 'danny'}]"
Linked List,master,node.java,luis,"[{idarchivo: '5ad214dc7455050f4e1d12a0', version: '1.0', comentario: 'Versión Inicial', usuario: 'luis'}]"
Linked List,master,node.js,luis,"[{idarchivo: '5ad214e77455050f4c5d64ff', version: '1.0', comentario: 'Versión Inicial', usuario: 'luis'}]"
Linked List,master,node.py,luis,"[{idarchivo: '5ad214ec7455050f4d63e701', version: '1.0', comentario: 'Versión Inicial', usuario: 'luis'}]"
Calendarios,master,calendar.lua,luis,"[{idarchivo: '5ad212f97455050f4e1d129f', version: '1.0', comentario: 'Versión Inicial', usuario: 'luis'}]"
Calendarios,master,calendar.py,luis,"[{idarchivo: '5ad212f17455050581550d62', version: '1.0', comentario: 'Versión Inicial', usuario: 'luis'}]"
Calendarios,master,calendar.rb,luis,"[{idarchivo: '5ad212ea745505058a37d440', version: '1.0', comentario: 'Versión Inicial', usuario: 'luis'}]"
Ojos,master,Unknown.png,luis,"[{idarchivo: '5ad22f4a7455050f4a7d7b21', version: '1.0', comentario: 'Versión Inicial', usuario: 'luis'}]"
Ojos,master,ojos.txt,luis,"[{idarchivo: '5ad22f567455050f4d63e702', version: '1.0', comentario: 'Versión Inicial', usuario: 'luis'}, {idarchivo: '5ad22f7f7455050103589125', version: '2.0', comentario: 'Versión Inicial', usuario: 'luis'}, {idarchivo: '5ad22f567455050f4d63e702', version: '1.0', comentario: 'Versión Inicial', usuario: 'luis'}]"
Leones,added Branch File,branchFile.jpg,celina,"[{idarchivo: '5ad201d27455050f4e1d129d', version: '1.0', comentario: 'Versión Inicial', usuario: 'celina'}]"
Leones,master,a7DKZLq_460sv.mp4,celina,"[{idarchivo: '5ad1fdac7455050f4c5d64fe', version: '1.0', comentario: 'Versión Inicial', usuario: 'celina'}]"
Leones,master,aADdWqg_460s.jpg,celina,"[{idarchivo: '5ad1fdc47455050f4d63e700', version: '1.0', comentario: 'Versión Inicial', usuario: 'celina'}]"
Leones,master,aL8xzwM_460sv.mp4,celina,"[{idarchivo: '5ad1fdcc7455050f4a7d7b20', version: '1.0', comentario: 'Versión Inicial', usuario: 'celina'}]"
Leones,master,aOBz4K3_460sv.mp4,celina,"[{idarchivo: '5ad1fdd37455050103589123', version: '1.0', comentario: 'Versión Inicial', usuario: 'celina'}]"
Motos,master,README.txt,erick,"[{idarchivo: '5ad15fe47455050581550d60', version: '1.0', comentario: 'Versión Inicial', usuario: 'erick'}]"
Motos,master,moto1.mp4,erick,"[{idarchivo: '5ad14d237455050103589122', version: '1.0', comentario: 'Versión Inicial', usuario: 'erick'}]"
Motos,master,moto2.jpg,erick,"[{idarchivo: '5ad14d417455050f4a7d7b1f', version: '1.0', comentario: 'Versión Inicial', usuario: 'erick'}]"
Motos,master,moto3.jpg,erick,"[{idarchivo: '5ad160b8745505058a37d43e', version: '1.0', comentario: 'Versión Inicial', usuario: 'erick'}]"
Motos,master,moto4.jpg,erick,"[{idarchivo: '5ad14d8a7455050f4c5d64fd', version: '1.0', comentario: 'Versión Inicial', usuario: 'erick'}]"
Motos,master,moto5.jpg,erick,"[{idarchivo: '5ad14d917455050f4d63e6ff', version: '1.0', comentario: 'Versión Inicial', usuario: 'erick'}]"
