owner,idproyecto,branch,parentbranch,secuencia,suscriptores
luis,Calendarios,master,,"[('1.0', 'luis', 'Versión Inicial', [{idarchivo: '5ad212ea745505058a37d440', nombre: 'calendar.rb'}, {idarchivo: '5ad212f17455050581550d62', nombre: 'calendar.py'}, {idarchivo: '5ad212f97455050f4e1d129f', nombre: 'calendar.lua'}])]",['celina']
luis,Linked List,master,,"[('1.0', 'luis', 'Versión Inicial', [{idarchivo: '5ad214dc7455050f4e1d12a0', nombre: 'node.java'}, {idarchivo: '5ad214e77455050f4c5d64ff', nombre: 'node.js'}, {idarchivo: '5ad214ec7455050f4d63e701', nombre: 'node.py'}])]",['programador']
luis,Ojos,master,,"[('1.0', 'luis', 'Versión Inicial', [{idarchivo: '5ad22f4a7455050f4a7d7b21', nombre: 'Unknown.png'}, {idarchivo: '5ad22f7f7455050103589125', nombre: 'ojos.txt'}])]",
danny,Carros,master,,"[('1.0', 'danny', 'Enchulame el perol', [{idarchivo: '5ad14a6d7455050f4d63e6fd', nombre: 'carro1.mp4'}, {idarchivo: '5ad14a737455050103589121', nombre: 'carro2.mp4'}, {idarchivo: '5ad14a7b7455050f4a7d7b1e', nombre: 'carro3.jpg'}]), ('2.0', 'danny', 'Nueva Version de rum rum', [{idarchivo: '5ad14a6d7455050f4d63e6fd', nombre: 'carro1.mp4'}, {idarchivo: '5ad14a737455050103589121', nombre: 'carro2.mp4'}, {idarchivo: '5ad14a7b7455050f4a7d7b1e', nombre: 'carro3.jpg'}, {idarchivo: '5ad14aef7455050f4c5d64fc', nombre: 'carro4.mp4'}, {idarchivo: '5ad14af47455050f4d63e6fe', nombre: 'carro5.jpg'}])]",['celina']
danny,Muchos Gatos,master,,"[('1.0', 'danny', 'Lindos gatitos 🦁🐯', [{idarchivo: '5ad149047455050f4d63e6fc', nombre: 'a24ZPmE_460s.jpg'}, {idarchivo: '5ad1490c7455050103589120', nombre: 'ayx0038_460sv.mp4'}, {idarchivo: '5ad149127455050f4a7d7b1c', nombre: 'original.png'}, {idarchivo: '5ad149177455050f4a7d7b1d', nombre: 'wanted.png'}])]",['celina']
doctor,Ojos,master,,"[('1.0', 'doctor', 'Versión Inicial', [])]",
doctor,Ojos Azules,master,,"[('1.0', 'doctor', 'Versión Inicial', [])]",['luis']
celina,Leones,added Branch File,master,"[('1.0', 'celina', 'Versión Inicial', [{idarchivo: '5ad1fdac7455050f4c5d64fe', nombre: 'a7DKZLq_460sv.mp4'}, {idarchivo: '5ad1fdc47455050f4d63e700', nombre: 'aADdWqg_460s.jpg'}, {idarchivo: '5ad1fdcc7455050f4a7d7b20', nombre: 'aL8xzwM_460sv.mp4'}, {idarchivo: '5ad1fdd37455050103589123', nombre: 'aOBz4K3_460sv.mp4'}, {idarchivo: '5ad201d27455050f4e1d129d', nombre: 'branchFile.jpg'}])]",
celina,Leones,master,,"[('1.0', 'celina', 'Versión Inicial', [{idarchivo: '5ad1fdac7455050f4c5d64fe', nombre: 'a7DKZLq_460sv.mp4'}, {idarchivo: '5ad1fdc47455050f4d63e700', nombre: 'aADdWqg_460s.jpg'}, {idarchivo: '5ad1fdcc7455050f4a7d7b20', nombre: 'aL8xzwM_460sv.mp4'}, {idarchivo: '5ad1fdd37455050103589123', nombre: 'aOBz4K3_460sv.mp4'}])]",
celina,Memes,master,,"[('1.0', 'celina', 'Versión Inicial', [{idarchivo: '5ad210887455050103589124', nombre: 'meme1.jpg'}, {idarchivo: '5ad2108d745505058a37d43f', nombre: 'meme2.jpg'}, {idarchivo: '5ad210927455050581550d61', nombre: 'meme3.png'}, {idarchivo: '5ad210977455050f4e1d129e', nombre: 'meme4.jpg'}])]",['luis']
erick,Motos,master,,"[('3.1', 'erick', 'Memes de motos', [{idarchivo: '5ad14d237455050103589122', nombre: 'moto1.mp4'}, {idarchivo: '5ad14d417455050f4a7d7b1f', nombre: 'moto2.jpg'}, {idarchivo: '5ad14d8a7455050f4c5d64fd', nombre: 'moto4.jpg'}, {idarchivo: '5ad14d917455050f4d63e6ff', nombre: 'moto5.jpg'}])]",['celina']
